{"LR with L2": {"valid": {"scores": [0.8484027752012763, 0.850900951038227, 0.8470528580969107, 0.8472488467294111, 0.8485103330571255], "avg_score": 0.84842315282459, "loglosses": [0.3259557035137671, 0.3246619481173665, 0.3288089918611808, 0.3260459708750995, 0.32604397089511633], "avg_logloss": 0.3263033170525061}, "train": {"scores": [0.8485241056052141, 0.8478284394507638, 0.8487039006653639, 0.8488033070218561, 0.8485157667894123], "avg_score": 0.8484751039065219, "loglosses": [0.32631550746703786, 0.326640302705893, 0.32560783986263253, 0.32629603441182353, 0.32631463664534993], "avg_logloss": 0.3262348642185474}}, "LR without norm": {"valid": {"scores": [0.8485140800652988, 0.8480441261949814, 0.8499468203517277, 0.8472117441903607, 0.8485845381352264], "avg_score": 0.848460261787519, "loglosses": [0.32764339901158523, 0.32631416740307145, 0.32394970888897706, 0.32655496844215776, 0.32704541080165705], "avg_logloss": 0.32630153090948977}, "train": {"scores": [0.8483911560734747, 0.8485519322513921, 0.8481133592223404, 0.8486487154990369, 0.8484230118757208], "avg_score": 0.8484256349843928, "loglosses": [0.3258959949259803, 0.3262241412748483, 0.32681995274456316, 0.32616674012993846, 0.32604897323248744], "avg_logloss": 0.32623116046156353}}, "LR with L1": {"valid": {"scores": [0.8470052807974375, 0.8504928332034777, 0.8472754705780504, 0.8499202295410416, 0.8473477868335456], "avg_score": 0.8484083201907107, "loglosses": [0.32557553433403785, 0.32329380853796497, 0.32784297901897697, 0.32585728830590216, 0.3289589671030865], "avg_logloss": 0.3263057154599937}, "train": {"scores": [0.8487158002788848, 0.8479675726816539, 0.8487873803457914, 0.8480025229336524, 0.8486116135335603], "avg_score": 0.8484169779547086, "loglosses": [0.32640640477875166, 0.3269801531110685, 0.32584510909044206, 0.32633840194907116, 0.32556595794062454], "avg_logloss": 0.3262272053739915}}, "DT with depth of 7": {"valid": {"scores": [0.8628600403170952, 0.8653705833611596, 0.8622894456949219, 0.8636976390417651, 0.8632276735471264], "avg_score": 0.8634890763924137, "loglosses": [0.30669780182670736, 0.3058538531892336, 0.30770652689297384, 0.30608060607244925, 0.3087412359397598], "avg_logloss": 0.3070160047842247}, "train": {"scores": [0.8645769886003506, 0.8650160312400481, 0.8647196319473646, 0.8646705809240245, 0.8656475993482421], "avg_score": 0.8649261664120059, "loglosses": [0.3025246215838002, 0.3024475986236627, 0.30155131997219714, 0.30235274221194186, 0.3018234991414968], "avg_logloss": 0.3021399563066197}}, "DT with depth of 9": {"valid": {"scores": [0.8675348446060426, 0.8658281700243634, 0.8653441836305622, 0.8669997650172527, 0.8684220290141855], "avg_score": 0.8668257984584813, "loglosses": [0.31619032132934244, 0.31339114516088196, 0.31411722374416756, 0.3086125416134102, 0.31021462246923015], "avg_logloss": 0.31250517086340646}, "train": {"scores": [0.870930739477663, 0.8705535338294721, 0.8704271686165871, 0.8697226318897577, 0.8703286306592092], "avg_score": 0.8703925408945379, "loglosses": [0.2876717005416266, 0.28693042149250486, 0.2867890721833444, 0.2882881631633143, 0.28857993510959473], "avg_logloss": 0.287651858498077}}, "DT with depth of 11": {"valid": {"scores": [0.8691054799094721, 0.8696620042295848, 0.8676445126023399, 0.8692630198993284, 0.8680510036236813], "avg_score": 0.8687452040528815, "loglosses": [0.37834681411076465, 0.38706682479424614, 0.38872989210934544, 0.3840339782153057, 0.3795532949075002], "avg_logloss": 0.3835461608274324}, "train": {"scores": [0.8772412044609206, 0.8778224721810834, 0.8781072992159094, 0.8774120142347874, 0.8768338419394434], "avg_score": 0.8774833664064288, "loglosses": [0.2733864102099254, 0.2722386896115657, 0.27169698620959554, 0.27286500056227964, 0.2726482587939555], "avg_logloss": 0.27256706907746436}}, "DT with depth of 13": {"valid": {"scores": [0.8659765765097268, 0.8682397754115189, 0.8704519033367137, 0.8675686706160258, 0.8678407559023956], "avg_score": 0.8680155363552762, "loglosses": [0.5859959319037336, 0.5547382702322458, 0.5460930353228773, 0.5560358389152145, 0.5755531843962399], "avg_logloss": 0.5636832521540622}, "train": {"scores": [0.8877071152734277, 0.8866156923733347, 0.8862759405377328, 0.8871389128505749, 0.8863319451014584], "avg_score": 0.8868139212273057, "loglosses": [0.25238336892578317, 0.25352410604029313, 0.2531969582059099, 0.2513869486492779, 0.25400383145908373], "avg_logloss": 0.2528990426560696}}, "DT without limitation on depth": {"valid": {"scores": [0.8296169875956912, 0.8254121371770613, 0.825212100225086, 0.8279678939362084, 0.8276587061107882], "avg_score": 0.8271735650089671, "loglosses": [5.880257192250617, 6.026357564978265, 6.034093683953457, 5.938443341105674, 5.949561599457093], "avg_logloss": 5.965742676349021}, "train": {"scores": [0.999888693415288, 0.9998732341674113, 0.9998825100793984, 0.9998732349512882, 0.9998917859340265], "avg_score": 0.9998818917094825, "loglosses": [0.0001626067358679405, 0.0001816387770842097, 0.00016983021562910953, 0.00017896926131151644, 0.00015508395414152193], "avg_logloss": 0.00016962578880685964}}, "RF with depth of 7": {"valid": {"scores": [0.8590756749403282, 0.8591004093545554, 0.8622770783348587, 0.8597029323373363, 0.8628566481566222], "avg_score": 0.8606025486247402, "loglosses": [0.3032312319557869, 0.3107972243171907, 0.30381507039767847, 0.30350225187532676, 0.29985173762058526], "avg_logloss": 0.3042395032333136}, "train": {"scores": [0.8616706499995362, 0.8603998998240737, 0.8599272799228277, 0.8610160373245773, 0.8636410013820482], "avg_score": 0.8613309736906126, "loglosses": [0.29990554688404775, 0.3090923906111833, 0.30576734583142856, 0.3005308852151261, 0.2992884110789851], "avg_logloss": 0.30291691592415415}}, "RF with depth of 9": {"valid": {"scores": [0.8675348446060426, 0.8695878009869031, 0.8689801874891786, 0.8677047132592107, 0.8679520635195469], "avg_score": 0.8683519219721763, "loglosses": [0.290703660721948, 0.291279169929851, 0.28906471929393, 0.29008442745589463, 0.2873509154040454], "avg_logloss": 0.2896965785611338}, "train": {"scores": [0.8717037018714966, 0.870312369562596, 0.8705415666971729, 0.87031935516784, 0.8700441822572217], "avg_score": 0.8705842351112654, "loglosses": [0.28385631151042295, 0.2869315981362586, 0.2848837103136763, 0.284774671029532, 0.28452243993773585], "avg_logloss": 0.28499374618552514}}, "RF with depth of 11": {"valid": {"scores": [0.8702556301710385, 0.8729764157360344, 0.87084765885874, 0.8692753874123452, 0.8712541894950344], "avg_score": 0.8709218563346385, "loglosses": [0.28230823690199236, 0.2816371776706223, 0.28327211854492823, 0.28409750464314837, 0.28342701785846713], "avg_logloss": 0.28294841112383173}, "train": {"scores": [0.8764651502175116, 0.8764465991200596, 0.8769725939300996, 0.875689864670581, 0.876533934385174], "avg_score": 0.8764216284646851, "loglosses": [0.2698037420084747, 0.27132052046101574, 0.27158493689689645, 0.2714221788987378, 0.27041410815695555], "avg_logloss": 0.27090909728441603}}, "RF with depth of 13": {"valid": {"scores": [0.8744233789683276, 0.8722714849305582, 0.8753246432016621, 0.8733195641688413, 0.8729485387783371], "avg_score": 0.8736575220095453, "loglosses": [0.2774010161045522, 0.2789807182299942, 0.2748519703261437, 0.27867858528339096, 0.2788685530483231], "avg_logloss": 0.27775616859848085}, "train": {"scores": [0.8859694958120897, 0.8854500650834336, 0.8867335328600757, 0.8871265455287494, 0.8861031496476859], "avg_score": 0.8862765577864067, "loglosses": [0.25280394317552557, 0.2524404019155847, 0.25024505339268066, 0.24955655883916725, 0.2513621875159806], "avg_logloss": 0.2512816289677878}}, "RF without limitation on depth": {"valid": {"scores": [0.870045387650107, 0.8701443253070159, 0.8675703084419599, 0.8688672594827906, 0.8705863437921268], "avg_score": 0.8694427249348001, "loglosses": [0.6245979656372174, 0.5984040436044525, 0.6284558085403816, 0.6244289044832949, 0.6093584380374488],