{"LR with L2": {"valid": {"scores": [0.8479347019539946, 0.848651991095721, 0.8503339104625278, 0.8514432709193895, 0.8487966558658389, 0.8454327339286156, 0.8482772267431794, 0.8461214999505293, 0.8503512417136638, 0.8467398832492332], "avg_score": 0.8484083115882693, "loglosses": [0.32336095673259346, 0.32861730793328026, 0.3234560660578834, 0.32591569319661223, 0.3279463797696226, 0.3296636395611215, 0.32225510957568104, 0.32982913508452394, 0.3255364299484331, 0.32654221883482587], "avg_logloss": 0.3263122936694577}, "train": {"scores": [0.8485021711647337, 0.8484966745451548, 0.8482768097619964, 0.8481782878626728, 0.8483706690192134, 0.8488488736083285, 0.848488846015374, 0.8487530987022552, 0.8483738340359807, 0.8485579697797516], "avg_score": 0.848484723449546, "loglosses": [0.3265614745844035, 0.32598327037934405, 0.3265719579431789, 0.326276658734854, 0.32605567604405944, 0.325865671458159, 0.3266883072208004, 0.32584621978465733, 0.3263231880733718, 0.3262047587442237], "avg_logloss": 0.3262377182967052}}, "LR without norm": {"valid": {"scores": [0.8476626267623052, 0.8489240662874104, 0.8486025228790502, 0.8471888990576072, 0.8483266961834327, 0.8517400875609092, 0.8444186104034233, 0.8494855050954784, 0.8473087958840407, 0.8505243890373009], "avg_score": 0.8484182199150958, "loglosses": [0.330483861727908, 0.32637973830827766, 0.32583603775012926, 0.32781052518412485, 0.32441049351864854, 0.3218590307657649, 0.3325112530243592, 0.32168984875161766, 0.32896248213815477, 0.3231953780087617], "avg_logloss": 0.32631386491777464}, "train": {"scores": [0.8485324025724179, 0.8483235310284175, 0.8485653822898918, 0.8485850365936443, 0.8484668595974837, 0.8480601108665122, 0.8489395675821262, 0.8482556573646053, 0.8485991941999989, 0.8481677119347445], "avg_score": 0.8484495454029842, "loglosses": [0.32576944471049357, 0.3262315817126816, 0.3263022655990868, 0.32606407277566335, 0.32644781317688326, 0.32673624655010025, 0.32554362476091897, 0.32675422534538934, 0.3259395667075785, 0.32658104166660196], "avg_logloss": 0.3262369883005397}}, "LR with L1": {"valid": {"scores": [0.8477862973039821, 0.8467474647538956, 0.8490724709374227, 0.8498849835514111, 0.8484998392243192, 0.8474115115387469, 0.8497613099507779, 0.8504501830414564, 0.8470861778965074, 0.8474572078757296], "avg_score": 0.848415744607425, "loglosses": [0.3266632006200364, 0.32556787553968086, 0.3251821723630995, 0.32241213337983793, 0.32601161377522214, 0.3274234293748516, 0.3262344605800477, 0.32539824006843676, 0.3305079741071271, 0.32767160408812424], "avg_logloss": 0.3263072703896464}, "train": {"scores": [0.8484224701808388, 0.848595613697576, 0.8483867421535756, 0.8482717301387068, 0.8484338799706481, 0.8484696078997199, 0.8482717301387068, 0.8480825147995669, 0.8485332351276034, 0.8485057521807718], "avg_score": 0.8483973276287713, "loglosses": [0.32619064163818606, 0.32631437327327883, 0.32635578675325433, 0.3266639728778385, 0.3262643373454078, 0.32610814113454145, 0.32623838014873674, 0.32633221183212907, 0.3257659418164095, 0.32607896698713423], "avg_logloss": 0.32623127538069163}}, "DT with depth of 7": {"valid": {"scores": [0.8632698491219392, 0.862824635171902, 0.8656937917388078, 0.8636374879418239, 0.8621781394543521, 0.8653194489104356, 0.864602142026763, 0.8640051449490452, 0.8641782922726823, 0.8634114969822895], "avg_score": 0.8639120428570042, "loglosses": [0.30535243414864255, 0.3112723524102309, 0.30683440058674594, 0.306588658418928, 0.30749520804111474, 0.30477791532775933, 0.3064456055757313, 0.30770668985110355, 0.30531242452628954, 0.3065105304897813], "avg_logloss": 0.3068296219376327}, "train": {"scores": [0.8644368713241356, 0.8649810366624526, 0.8652558676414005, 0.8646735978849066, 0.8655997757385375, 0.8646873393960881, 0.8647862782765946, 0.8647454254634999, 0.8653088258735455, 0.8651274384244576], "avg_score": 0.8649602456685619, "loglosses": [0.3026131000349388, 0.30225948439935924, 0.30209909817863834, 0.30230003614947715, 0.30204651257753135, 0.3024445434369625, 0.3024334706627048, 0.30235499856820314, 0.3020906123608027, 0.3022022174198227], "avg_logloss": 0.3022844073788441}}, "DT with depth of 9": {"valid": {"scores": [0.8665594855305466, 0.866460549097205, 0.8667573583972298, 0.8653689183506889, 0.868188676445126, 0.864602142026763, 0.8660367557941082, 0.8678638567329574, 0.8673196794300979, 0.8675175620856832], "avg_score": 0.8666674983890406, "loglosses": [0.31431271161465063, 0.30611807702271304, 0.30561400765105207, 0.31032709709728157, 0.31514781536007946, 0.314242738124103, 0.3076157641869864, 0.30753990585895835, 0.30817082531697, 0.31209343136145756], "avg_logloss": 0.31011823735942523}, "train": {"scores": [0.870411696806464, 0.8706645413070961, 0.8702028252624636, 0.8708627745210397, 0.8704615223945408, 0.8704010597453423, 0.8703818216296882, 0.8707367078727649, 0.8707724357036459, 0.8702227767670161], "avg_score": 0.8705118162010063, "loglosses": [0.28805641925939635, 0.28738043846569705, 0.28829762132998055, 0.28792129664801436, 0.2881542713323157, 0.28741226244515566, 0.2876454976693112, 0.2882955535496311, 0.28801636433709116, 0.2883097342042925], "avg_logloss": 0.28794894592408854}}, "DT with depth of 11": {"valid": {"scores": [0.8680682661390057, 0.868711352955726, 0.8692060351224339, 0.8711815775804497, 0.8673724306809468, 0.8665067154765144, 0.8678671250834796, 0.8708568318986841, 0.8689522113386762, 0.8700653012763432], "avg_score": 0.8688787847552261, "loglosses": [0.36361707572018115, 0.3518325681014887, 0.3784809358151299, 0.3609158301654613, 0.3749656487504008, 0.38262757222157934, 0.36580616208181826, 0.387371945334592, 0.35829558840104836, 0.38157479882099327], "avg_logloss": 0.37054881254126937}, "train": {"scores": [0.8776919694387951, 0.8774171384598471, 0.8770268784697411, 0.8768733115118136, 0.8772718153360761, 0.8772415840114769, 0.8770492028549364, 0.8775442338029252, 0.8766867658617827, 0.8776019479912714], "avg_score": 0.8772404847738665, "loglosses": [0.2731997238935819, 0.2737809784694367, 0.2735157194332798, 0.27328514378689667, 0.273461593348454, 0.2729714035409177, 0.2741295014706819, 0.27352292125096167, 0.274085050901975, 0.2725784472819224], "avg_logloss": 0.27345304833781076}}, "DT with depth of 13": {"valid": {"scores": [0.8651249072470938, 0.8677219886223102, 0.8688350234974029, 0.8692522694105717, 0.8691780652501917, 0.8706868831779169, 0.8693512082910781, 0.8665528841397051, 0.8709310378945285, 0.8679627980607499], "avg_score": 0.8685597065591549, "loglosses": [0.5463548921482927, 0.5071962646144768, 0.53663741325464, 0.5421235993283557, 0.5168274924230318, 0.5503250426441931, 0.527651421028119, 0.5486087145139066, 0.5289709664905838, 0.5516212980947784], "avg_logloss": 0.5356317104540378}, "train": {"scores": [0.8861897433078657, 0.8859643819051284, 0.8861485186610235, 0.885772314152932, 0.8859729402161814, 0.8854562593957582, 0.8863357161113722, 0.8865119193540408, 0.8859650087120942, 0.886036464373856], "avg_score": 0.8860353266190252, "loglosses": [0.254416942764362, 0.2548102772013081, 0.2541854568202452, 0.2557822234499412, 0.25552400902656364, 0.2557987623148315, 0.2539666533768647, 0.2544653035734163, 0.2558290221593729, 0.2552697586674982], "avg_logloss": 0.2550048409354404}}, "DT without limitation on depth": {"valid": {"scores": [0.8281474152856789, 0.8266139005688845, 0.8267375711105615, 0.8267085507927477, 0.8276732048776868, 0.8256696925474288, 0.826485938311608, 0.8287078262590284, 0.8243791431681013, 0.8251459384584942], "avg_score": 0.826626918138022, "loglosses": [5.933960665805187, 5.9868966085130815, 5.980237967891837, 5.979473030296519, 5.94951373628885, 6.017824004097396, 5.989676192834126, 5.913751944779535, 6.0616050550223575, 6.035933805683263], "avg_logloss": 5.984887301121216},